<!-- hibernate.cfg.xml -->
<hibernate-configuration>
    <session-factory>
        <property name="hibernate.connection.driver_class">com.mysql.jdbc.Driver</property>
        <property name="hibernate.connection.url">jdbc:mysql://localhost:3306/mydatabase</property>
        <property name="hibernate.connection.username">your_username</property>
        <property name="hibernate.connection.password">your_password</property>
        <property name="hibernate.dialect">org.hibernate.dialect.MySQLDialect</property>
        <property name="hibernate.show_sql">true</property>
        <property name="hibernate.format_sql">true</property>
        <!-- Add more properties as needed -->
    </session-factory>
</hibernate-configuration>
