<!DOCTYPE hibernate-configuration PUBLIC
        "-//Hibernate/Hibernate Configuration DTD 3.0//EN"
        "http://www.hibernate.org/dtd/hibernate-configuration-3.0.dtd">
<hibernate-configuration>
    <session-factory>
        <!-- Database connection settings -->
        <property name="connection.driver_class">com.mysql.jdbc.Driver</property>
        <property name="connection.url">jdbc:mysql://localhost:3306/your_database_name</property>
        <property name="connection.username">your_username</property>
        <property name="connection.password">your_password</property>

        <!-- Hibernate properties -->
        <property name="hibernate.dialect">org.hibernate.dialect.MySQLDialect</property>
        <property name="hibernate.show_sql">true</property>

        <!-- Mapping file -->
        <mapping resource="YourEntity.hbm.xml"/>
    </session-factory>
</hibernate-configuration>
